<?xml version="1.0" encoding="utf-8"?>
<manifest identifier="_6dQwqEr6F54_course_id" version="1.0" xmlns="http://www.imsproject.org/xsd/imscp_rootv1p1p2" xmlns:adlcp="http://www.adlnet.org/xsd/adlcp_rootv1p2" xmlns:xsi="http://www.w3.org/2001/XMLSchema-instance" xsi:schemaLocation="http://www.imsproject.org/xsd/imscp_rootv1p1p2 imscp_rootv1p1p2.xsd http://www.imsglobal.org/xsd/imsmd_rootv1p2p1 imsmd_rootv1p2p1.xsd http://www.adlnet.org/xsd/adlcp_rootv1p2 adlcp_rootv1p2.xsd">
	<metadata>
		<schema>ADL SCORM</schema>
		<schemaversion>1.2</schemaversion>
		<lom xmlns="http://www.imsglobal.org/xsd/imsmd_rootv1p2p1" xmlns:xsi="http://www.w3.org/2001/XMLSchema-instance" xsi:schemaLocation="http://www.imsglobal.org/xsd/imsmd_rootv1p2p1 imsmd_rootv1p2p1.xsd">
			<general>
				<title>
					<langstring xml:lang="x-none">FS_C01_LM03_PA01</langstring>
				</title>
				<description>
					<langstring xml:lang="x-none">Practice Activity for Module
Keywords: Banking, Finance</langstring>
				</description>
				<keyword>
				  	<langstring xml:lang="x-none">Banking, Finance</langstring>
        			</keyword>
			</general>
			<lifecycle>
				<version>
					<langstring xml:lang="x-none">1</langstring>
				</version>
				<status>
					<source>
						<langstring xml:lang="x-none">LOMv1.0</langstring>
					</source>
					<value>
						<langstring xml:lang="x-none">Final</langstring>
					</value>
				</status>
			</lifecycle>
			<metametadata>
				<metadatascheme>ADL SCORM 1.2</metadatascheme>
			</metametadata>
			<educational>
				<typicallearningtime>
					<datetime>PT0H0M0S</datetime>
				</typicallearningtime>
			</educational>
			<rights>
				<cost>
					<source>
						<langstring xml:lang="x-none">LOMv1.0</langstring>
					</source>
					<value>
						<langstring xml:lang="x-none">yes</langstring>
					</value>
				</cost>
				<copyrightandotherrestrictions>
					<source>
						<langstring xml:lang="x-none">LOMv1.0</langstring>
					</source>
					<value>
						<langstring xml:lang="x-none">yes</langstring>
					</value>
				</copyrightandotherrestrictions>
			</rights>
		</lom>
	</metadata>
	<organizations default="FS_C01_LM03_PA01_ORG">
		<organization identifier="FS_C01_LM03_PA01_ORG">
			<title>FS_C01_LM03_PA01</title>
			<item identifier="LM_3-2_SCO" isvisible="true" identifierref="__6dQwqEr6F54_course_id_RES">
				<title>FS_C01_LM03_PA01</title>
				<adlcp:masteryscore>80</adlcp:masteryscore>
			</item>
		</organization>
	</organizations>
	<resources>
	    <resource identifier="__6dQwqEr6F54_course_id_RES" type="webcontent" href="index_lms.html" adlcp:scormtype="sco">
		<file href="story_content/thumbnail.jpg"/>
<file href="story_content/67EnI2Y8qgN_80_DX1912_DY1912.swf"/>
<file href="mobile/67EnI2Y8qgN_80_DX1912_DY1912_CX956_CY669.png"/>
<file href="mobile/67EnI2Y8qgN_80_DX1912_DY1912_CX867_CY607.png"/>
<file href="story_content/report.html"/>
<file href="story_content/5uMgtWvgGxa_80_DX1406_DY1406.swf"/>
<file href="mobile/5uMgtWvgGxa_80_DX1406_DY1406_CX297_CY1054.png"/>
<file href="story_content/5tSYMuyAxE5_80_DX1358_DY1358.swf"/>
<file href="mobile/5tSYMuyAxE5_80_DX1358_DY1358_CX322_CY1016.png"/>
<file href="meta.xml"/>
<file href="story_content/FontFactory.swf"/>
<file href="story_content/fonts.swf"/>
<file href="story_content/frame.xml"/>
<file href="story_content/frame.json"/>
<file href="story_content/user.js"/>
<file href="story.swf"/>
<file href="story_content/frame.swf"/>
<file href="story_content/slides/6mmcOZqaWTP.swf"/>
<file href="story_content/slides/6fZbl27a99c.swf"/>
<file href="story_content/slides/6YPSXkJ6MEe.swf"/>
<file href="story_content/slides/6aVhgyLRDMW.swf"/>
<file href="story_content/slides/6XswhQAYAIr.swf"/>
<file href="story_content/slides/5hrSRpawuP4.swf"/>
<file href="story_content/slides/6rU8ictapEt.swf"/>
<file href="story_content/slides/6eltKZ4Ki0k.swf"/>
<file href="story_content/slides/5p49Ox6xa5X.swf"/>
<file href="story_content/slides/6eCzcGVWauR.swf"/>
<file href="story_content/slides/66hgc4mChfZ.swf"/>
<file href="story_content/slides/6SvcC9oSGSd.swf"/>
<file href="story_content/data.swf"/>
<file href="html5/data/css/output.min.css"/>
<file href="html5/data/js/5hrSRpawuP4.js"/>
<file href="html5/data/js/5p49Ox6xa5X.js"/>
<file href="html5/data/js/66hgc4mChfZ.js"/>
<file href="html5/data/js/6aVhgyLRDMW.js"/>
<file href="html5/data/js/6eCzcGVWauR.js"/>
<file href="html5/data/js/6eltKZ4Ki0k.js"/>
<file href="html5/data/js/6fZbl27a99c.js"/>
<file href="html5/data/js/6mmcOZqaWTP.js"/>
<file href="html5/data/js/6rU8ictapEt.js"/>
<file href="html5/data/js/6SvcC9oSGSd.js"/>
<file href="html5/data/js/6XswhQAYAIr.js"/>
<file href="html5/data/js/6YPSXkJ6MEe.js"/>
<file href="html5/data/js/data.js"/>
<file href="html5/data/js/frame.js"/>
<file href="html5/data/js/paths.js"/>
<file href="html5/lib/scripts/app.min.js"/>
<file href="html5/lib/stylesheets/main.min.css"/>
<file href="html5/lib/stylesheets/mobile-fonts/open-sans-bold.woff"/>
<file href="html5/lib/stylesheets/mobile-fonts/open-sans-light.woff"/>
<file href="html5/lib/stylesheets/mobile-fonts/open-sans-regular.woff"/>
<file href="story.html"/>
<file href="story_flash.html"/>
<file href="story_html5.html"/>
<file href="story_content/blank.html"/>
<file href="story_content/story.js"/>
<file href="index_lms.html"/>
<file href="index_lms_html5.html"/>
<file href="index_lms_flash.html"/>
<file href="lms/AICCComm.html"/>
<file href="lms/AICCFunctions.js"/>
<file href="lms/API.js"/>
<file href="lms/APIConstants.js"/>
<file href="lms/blank.html"/>
<file href="lms/browsersniff.js"/>
<file href="lms/Configuration.js"/>
<file href="lms/goodbye.html"/>
<file href="lms/lms.js"/>
<file href="lms/LMSAPI.js"/>
<file href="lms/NONEFunctions.js"/>
<file href="lms/SCORM2004Functions.js"/>
<file href="lms/SCORMFunctions.js"/>
<file href="lms/UtilityFunctions.js"/>
	    </resource>
	</resources>
</manifest>
