<?xml version="1.0" encoding="utf-8"?>
<manifest identifier="_6YaPLvyhCXh_course_id" version="1.0" xmlns="http://www.imsproject.org/xsd/imscp_rootv1p1p2" xmlns:adlcp="http://www.adlnet.org/xsd/adlcp_rootv1p2" xmlns:xsi="http://www.w3.org/2001/XMLSchema-instance" xsi:schemaLocation="http://www.imsproject.org/xsd/imscp_rootv1p1p2 imscp_rootv1p1p2.xsd http://www.imsglobal.org/xsd/imsmd_rootv1p2p1 imsmd_rootv1p2p1.xsd http://www.adlnet.org/xsd/adlcp_rootv1p2 adlcp_rootv1p2.xsd">
	<metadata>
		<schema>ADL SCORM</schema>
		<schemaversion>1.2</schemaversion>
		<lom xmlns="http://www.imsglobal.org/xsd/imsmd_rootv1p2p1" xmlns:xsi="http://www.w3.org/2001/XMLSchema-instance" xsi:schemaLocation="http://www.imsglobal.org/xsd/imsmd_rootv1p2p1 imsmd_rootv1p2p1.xsd">
			<general>
				<title>
					<langstring xml:lang="x-none">Classify the Assets</langstring>
				</title>
				<description>
					<langstring xml:lang="x-none">Practice Activity for Module
Keywords: Banking, Finance</langstring>
				</description>
				<keyword>
				  	<langstring xml:lang="x-none">Banking, Finance</langstring>
        			</keyword>
			</general>
			<lifecycle>
				<version>
					<langstring xml:lang="x-none">1</langstring>
				</version>
				<status>
					<source>
						<langstring xml:lang="x-none">LOMv1.0</langstring>
					</source>
					<value>
						<langstring xml:lang="x-none">Final</langstring>
					</value>
				</status>
			</lifecycle>
			<metametadata>
				<metadatascheme>ADL SCORM 1.2</metadatascheme>
			</metametadata>
			<educational>
				<typicallearningtime>
					<datetime>PT0H0M0S</datetime>
				</typicallearningtime>
			</educational>
			<rights>
				<cost>
					<source>
						<langstring xml:lang="x-none">LOMv1.0</langstring>
					</source>
					<value>
						<langstring xml:lang="x-none">yes</langstring>
					</value>
				</cost>
				<copyrightandotherrestrictions>
					<source>
						<langstring xml:lang="x-none">LOMv1.0</langstring>
					</source>
					<value>
						<langstring xml:lang="x-none">yes</langstring>
					</value>
				</copyrightandotherrestrictions>
			</rights>
		</lom>
	</metadata>
	<organizations default="Classify_the_Assets_ORG">
		<organization identifier="Classify_the_Assets_ORG">
			<title>Classify the Assets</title>
			<item identifier="game_SCO" isvisible="true" identifierref="__6YaPLvyhCXh_course_id_RES">
				<title>Classify the Assets</title>
				<adlcp:masteryscore>80</adlcp:masteryscore>
			</item>
		</organization>
	</organizations>
	<resources>
	    <resource identifier="__6YaPLvyhCXh_course_id_RES" type="webcontent" href="index_lms.html" adlcp:scormtype="sco">
		<file href="story_content/thumbnail.jpg"/>
<file href="story_content/61kGyBAj3Ag_80_DX1440_DY1440.jpg"/>
<file href="mobile/61kGyBAj3Ag_80_DX1440_DY1440_CX721_CY415.jpg"/>
<file href="story_content/6eIoIMnMuLe_80_DX226_DY226.swf"/>
<file href="mobile/6eIoIMnMuLe_80_DX226_DY226_CX45_CY150.png"/>
<file href="story_content/5jNLEBE2GB1_80_DX1440_DY1440.jpg"/>
<file href="mobile/5jNLEBE2GB1_80_DX1440_DY1440_CX933_CY593.jpg"/>
<file href="story_content/5VunyN0GdlN_80_DX172_DY172.swf"/>
<file href="mobile/5VunyN0GdlN_80_DX172_DY172_CX129_CY28.png"/>
<file href="mobile/5VunyN0GdlN_80_DX172_DY172_CX115_CY25.png"/>
<file href="story_content/68sKPVIEE4C_80_DX134_DY134.swf"/>
<file href="mobile/68sKPVIEE4C_80_DX134_DY134_CX99_CY97.png"/>
<file href="story_content/5wY7c6vd9Uz_80_DX134_DY134.swf"/>
<file href="mobile/5wY7c6vd9Uz_80_DX134_DY134_CX99_CY97.png"/>
<file href="story_content/68dV8NJG4qO_80_DX128_DY128.swf"/>
<file href="mobile/68dV8NJG4qO_80_DX128_DY128_CX96_CY94.png"/>
<file href="story_content/656hcC8ZfAY_80_DX134_DY134.swf"/>
<file href="mobile/656hcC8ZfAY_80_DX134_DY134_CX99_CY97.png"/>
<file href="story_content/68H65tNMoPO_80_DX134_DY134.swf"/>
<file href="mobile/68H65tNMoPO_80_DX134_DY134_CX99_CY97.png"/>
<file href="story_content/5svv8RnZRym_80_DX134_DY134.swf"/>
<file href="mobile/5svv8RnZRym_80_DX134_DY134_CX99_CY97.png"/>
<file href="story_content/6SwwnTVO2zV_80_DX134_DY134.swf"/>
<file href="mobile/6SwwnTVO2zV_80_DX134_DY134_CX99_CY97.png"/>
<file href="story_content/5dtwLJbfnrJ_80_DX134_DY134.swf"/>
<file href="mobile/5dtwLJbfnrJ_80_DX134_DY134_CX99_CY97.png"/>
<file href="story_content/5epCl96yu03_80_DX134_DY134.swf"/>
<file href="mobile/5epCl96yu03_80_DX134_DY134_CX99_CY97.png"/>
<file href="story_content/6cJhhOJifyn_80_DX846_DY846.swf"/>
<file href="mobile/6cJhhOJifyn_80_DX846_DY846_CX330_CY633.png"/>
<file href="story_content/5bKLIoSHtsY_80_DX878_DY878.swf"/>
<file href="mobile/5bKLIoSHtsY_80_DX878_DY878_CX190_CY656.png"/>
<file href="story_content/66morrDAKvu_80_DX134_DY134.swf"/>
<file href="mobile/66morrDAKvu_80_DX134_DY134_CX99_CY97.png"/>
<file href="story_content/5jYFOZ0BuB8_80_DX128_DY128.swf"/>
<file href="mobile/5jYFOZ0BuB8_80_DX128_DY128_CX96_CY94.png"/>
<file href="story_content/62czyBAw1Cd_80_DX128_DY128.swf"/>
<file href="mobile/62czyBAw1Cd_80_DX128_DY128_CX96_CY94.png"/>
<file href="story_content/6k3MeLKvTdw_80_DX132_DY132.swf"/>
<file href="mobile/6k3MeLKvTdw_80_DX132_DY132_CX98_CY96.png"/>
<file href="story_content/6OTlR7mQzi7_80_DX132_DY132.swf"/>
<file href="mobile/6OTlR7mQzi7_80_DX132_DY132_CX98_CY27.png"/>
<file href="story_content/report.html"/>
<file href="story_content/5aZOhuLy5Z5_80_P_0_0_987_841_DX894_DY894.swf"/>
<file href="mobile/5aZOhuLy5Z5_80_P_0_0_987_841_DX894_DY894_CX324_CY276.png"/>
<file href="story_content/5W4RBxPzjfE_80_DX1310_DY1310.swf"/>
<file href="mobile/5W4RBxPzjfE_80_DX1310_DY1310_CX307_CY982.png"/>
<file href="story_content/6iGVrsBKT4s_80_DX1278_DY1278.swf"/>
<file href="mobile/6iGVrsBKT4s_80_DX1278_DY1278_CX324_CY956.png"/>
<file href="meta.xml"/>
<file href="story_content/FontFactory.swf"/>
<file href="story_content/fonts.swf"/>
<file href="story_content/frame.xml"/>
<file href="story_content/frame.json"/>
<file href="story_content/user.js"/>
<file href="story.swf"/>
<file href="story_content/frame.swf"/>
<file href="story_content/slides/6Jj5lPEn2l2.swf"/>
<file href="story_content/slides/5tJ0H7G9nFh.swf"/>
<file href="story_content/slides/6WVVF5UXRjq.swf"/>
<file href="story_content/data.swf"/>
<file href="html5/data/css/output.min.css"/>
<file href="html5/data/js/5tJ0H7G9nFh.js"/>
<file href="html5/data/js/6Jj5lPEn2l2.js"/>
<file href="html5/data/js/6WVVF5UXRjq.js"/>
<file href="html5/data/js/data.js"/>
<file href="html5/data/js/frame.js"/>
<file href="html5/data/js/paths.js"/>
<file href="html5/lib/scripts/app.min.js"/>
<file href="html5/lib/stylesheets/main.min.css"/>
<file href="html5/lib/stylesheets/mobile-fonts/open-sans-bold.woff"/>
<file href="html5/lib/stylesheets/mobile-fonts/open-sans-light.woff"/>
<file href="html5/lib/stylesheets/mobile-fonts/open-sans-regular.woff"/>
<file href="story.html"/>
<file href="story_flash.html"/>
<file href="story_html5.html"/>
<file href="story_content/blank.html"/>
<file href="story_content/story.js"/>
<file href="index_lms.html"/>
<file href="index_lms_html5.html"/>
<file href="index_lms_flash.html"/>
<file href="lms/AICCComm.html"/>
<file href="lms/AICCFunctions.js"/>
<file href="lms/API.js"/>
<file href="lms/APIConstants.js"/>
<file href="lms/blank.html"/>
<file href="lms/browsersniff.js"/>
<file href="lms/Configuration.js"/>
<file href="lms/goodbye.html"/>
<file href="lms/lms.js"/>
<file href="lms/LMSAPI.js"/>
<file href="lms/NONEFunctions.js"/>
<file href="lms/SCORM2004Functions.js"/>
<file href="lms/SCORMFunctions.js"/>
<file href="lms/UtilityFunctions.js"/>
	    </resource>
	</resources>
</manifest>
